Brand,Model,Car_Age,Kilometers_Driven,Fuel_Type,Transmission,Owner_Count,Price,Estimated_Original_Price,Core_Systems_Score,Supporting_Systems_Score,Interiors_AC_Score,Exteriors_Lights_Score,Wear_Tear_Parts_Score,Depreciation_Percent,Price_Lost_Per_Year,Km_Per_Year,Ownership_Impact,Luxury_Score,Wear_Price_Ratio,Total_Feature_Score
Kia,Sonet 1.0,4,45000,Petrol,Automatic (Dct),2,1033000,1309000,9.6,9.7,9.0,8.3,8.4,21.08479755538579,69000.0,11250.0,8,9.149999999999999,8.131655372700872e-06,44.99999999999999
Tata,Punch Creative Amt*,3,8000,Petrol,Automatic (Amt),1,810000,950000,10.0,9.8,9.5,9.6,9.1,14.736842105263156,46666.666666666664,2666.6666666666665,3,9.725,1.1234567901234567e-05,48.0
Tata,Nexon (S),4,24000,Petrol,Automatic (Amt),1,818000,895900,9.9,9.8,9.5,9.2,8.4,8.6951668713026,19475.0,6000.0,4,9.600000000000001,1.0268948655256725e-05,46.800000000000004
Ford,Ecosport Trend 1.5,11,143000,Diesel,Manual (Regular),1,426000,828000,9.5,9.1,8.1,7.6,8.4,48.55072463768116,36545.454545454544,13000.0,11,8.575000000000001,1.971830985915493e-05,42.7
Tata,Safari Xt,4,64000,Diesel,Manual (Regular),2,1347000,1735900,9.7,9.6,9.0,8.6,8.4,22.40336424909269,97225.0,16000.0,8,9.225,6.23608017817372e-06,45.3
Mg,Motors Hector Sharp 2.0,6,36000,Diesel,Manual (Regular),1,1288000,1728000,9.9,9.5,9.3,9.2,8.4,25.462962962962965,73333.33333333333,6000.0,6,9.475,6.521739130434783e-06,46.3
Hyundai,Creta 1.5,6,51000,Petrol,Manual (Regular),1,1085000,1346000,9.8,9.7,9.0,9.0,8.7,19.390787518573553,43500.0,8500.0,6,9.375,8.018433179723501e-06,46.2
Hyundai,Venue 1.5 Crdi,4,81000,Diesel,Manual (Regular),1,901000,1099000,9.4,9.2,8.6,8.8,8.5,18.016378525932666,49500.0,20250.0,4,9.0,9.433962264150944e-06,44.5
Tata,Nexon (S),5,49000,Petrol,Automatic (Amt),1,854000,1155900,9.8,9.7,9.0,8.9,8.2,26.118176312829828,60380.0,9800.0,5,9.35,9.601873536299764e-06,45.599999999999994
Nissan,Magnite Xv Cvt*,3,37000,Petrol,Automatic (Cvt),1,879000,1095000,9.9,9.6,9.0,8.9,8.0,19.726027397260275,72000.0,12333.333333333334,3,9.35,9.101251422070534e-06,45.4
Audi,Q3 30 Tfsi Premium*,9,58000,Petrol,Automatic,1,1690000,3220000,9.8,9.6,9.0,8.9,8.1,47.51552795031056,170000.0,6444.444444444444,9,9.325,4.7928994082840236e-06,45.4
Kia,Seltos 1.5*,4,45000,Petrol,Manual (Regular),1,1044000,1285000,9.8,9.7,9.2,8.9,8.6,18.754863813229573,60250.0,11250.0,4,9.4,8.237547892720306e-06,46.2
Kia,Seltos 1.4,4,52000,Petrol,Automatic (Dct),2,1365000,1765000,9.8,9.6,9.1,8.3,8.0,22.6628895184136,100000.0,13000.0,8,9.2,5.860805860805861e-06,44.8
Nissan,Magnite Xv,4,28000,Petrol,Automatic (Cvt),1,811000,1000000,9.9,9.3,9.3,9.1,8.9,18.9,47250.0,7000.0,4,9.4,1.0974106041923552e-05,46.5
Kia,Seltos Ivt 1.5*,6,68000,Petrol,Automatic (Cvt),1,1070000,1389000,9.7,9.4,8.9,8.4,8.2,22.966162706983443,53166.666666666664,11333.333333333334,6,9.1,7.663551401869157e-06,44.599999999999994
Audi,Q3 40 Tfsi Technology*,4,22000,Petrol,Automatic (Dct),1,3550000,4489000,9.9,9.8,9.5,9.4,8.9,20.917799064379594,234750.0,5500.0,4,9.65,2.507042253521127e-06,47.5
Lexus,Nx 300H Luxury,8,108000,Petrol,Automatic (Cvt),2,2690000,5550000,9.6,9.3,8.5,8.7,8.2,51.53153153153153,357500.0,13500.0,16,9.024999999999999,3.048327137546468e-06,44.3
Kia,Seltos 1.5,5,102000,Diesel,Automatic (Torque Convertor),1,1260000,1679000,9.6,9.2,8.6,8.1,8.1,24.95533055390113,83800.0,20400.0,5,8.875,6.428571428571429e-06,43.6
Jeep,Compass Limited,6,82000,Petrol,Automatic (Dct),3,1200000,2192000,9.6,9.0,7.8,8.5,8.3,45.25547445255474,165333.33333333334,13666.666666666666,18,8.725000000000001,6.916666666666668e-06,43.2
Jeep,Compass Trailhawk 2.0 4X4,7,70000,Diesel,Automatic (Torque Convertor),3,1300000,2680000,9.6,9.5,8.7,8.8,7.7,51.49253731343284,197142.85714285713,10000.0,21,9.15,5.923076923076923e-06,44.300000000000004
Renault,Kiger,5,50000,Petrol,Automatic (Cvt),1,724000,955000,9.8,9.4,8.2,8.5,8.2,24.18848167539267,46200.0,10000.0,5,8.975000000000001,1.1325966850828729e-05,44.10000000000001
Audi,Q5 45 Tfsi Technology*,8,64000,Petrol,Automatic,1,2590000,5979000,9.8,8.8,8.4,8.5,7.9,56.68171935106206,423625.0,8000.0,8,8.875,3.0501930501930503e-06,43.4
Jeep,Compass Limited 2.0 4X4 At*,6,49000,Diesel,Automatic (Torque Convertor),1,1506000,2760000,9.8,9.7,9.0,9.1,8.1,45.43478260869565,209000.0,8166.666666666667,6,9.4,5.378486055776892e-06,45.7
Mg,Motors Hector Sharp 1.5,6,77000,Petrol,Automatic (Dct),1,1084000,1728000,9.6,9.5,8.7,8.9,8.3,37.26851851851852,107333.33333333333,12833.333333333334,6,9.175,7.656826568265684e-06,45.0
Kia,Sonet 1.5,5,57000,Diesel,Manual (Regular),2,854000,1039000,9.8,9.6,8.6,8.7,8.3,17.805582290664102,37000.0,11400.0,10,9.175,9.71896955503513e-06,45.0
Kia,Sonet 1.5,5,53000,Diesel,Manual (Regular),1,1000000,1259000,9.7,9.3,8.9,8.8,8.3,20.57188244638602,51800.0,10600.0,5,9.175,8.3e-06,45.0
Kia,Seltos 1.4,7,35000,Petrol,Automatic (Dct),1,1215000,1669000,9.9,9.7,8.9,8.6,8.4,27.20191731575794,64857.142857142855,5000.0,7,9.275,6.913580246913581e-06,45.5
Kia,Seltos 1.5,6,74000,Diesel,Manual (Regular),1,1146000,1549000,9.7,9.5,8.8,8.5,8.1,26.016785022595222,67166.66666666667,12333.333333333334,6,9.125,7.0680628272251304e-06,44.6
Kia,Seltos 1.4,6,103000,Petrol,Automatic (Dct),1,1079000,1729000,9.6,9.2,8.1,8.4,8.3,37.59398496240601,108333.33333333333,17166.666666666668,6,8.825,7.692307692307694e-06,43.599999999999994
Kia,Seltos 1.4,5,72000,Petrol,Automatic (Dct),1,1196000,1729000,9.7,9.4,8.9,8.8,7.8,30.82706766917293,106600.0,14400.0,5,9.2,6.521739130434782e-06,44.599999999999994
Kia,Seltos 1.4,6,110000,Petrol,Automatic (Dct),2,1008000,1729000,9.6,9.2,8.7,8.0,7.8,41.70040485829959,120166.66666666667,18333.333333333332,12,8.875,7.738095238095238e-06,43.3
Kia,Seltos 1.4,5,103000,Petrol,Automatic (Dct),1,1086000,1749000,9.6,8.5,8.3,8.3,7.9,37.9073756432247,132600.0,20600.0,5,8.675,7.274401473296501e-06,42.6
Kia,Seltos 1.4,6,92000,Petrol,Automatic (Dct),1,1083000,1729000,9.7,9.3,8.6,8.1,8.2,37.362637362637365,107666.66666666667,15333.333333333334,6,8.925,7.571560480147737e-06,43.900000000000006
Kia,Sonet 1.5,5,30000,Diesel,Manual (Regular),1,1030000,1284000,9.9,9.0,9.2,8.9,8.8,19.781931464174455,50800.0,6000.0,5,9.25,8.54368932038835e-06,45.8
Nissan,Magnite Xv,3,29000,Petrol,Automatic (Cvt),1,892000,1091000,9.9,9.8,9.1,8.6,8.6,18.240146654445464,66333.33333333333,9666.666666666666,3,9.350000000000001,9.641255605381165e-06,46.00000000000001
Kia,Seltos 1.5 Ivt,4,54000,Petrol,Automatic (Cvt),1,1261000,1499000,9.8,9.6,9.1,8.9,8.2,15.877251501000666,59500.0,13500.0,4,9.35,6.502775574940523e-06,45.599999999999994
Mg,Motors Hector Sharp 2.0,4,35000,Diesel,Manual (Regular),1,1540000,1998800,9.9,9.5,9.1,9.2,8.2,22.953772263358015,114700.0,8750.0,4,9.425,5.324675324675324e-06,45.900000000000006
Mg,Motors Hector Sharp 1.5,5,50000,Petrol,Automatic (Cvt),1,1344000,1658800,9.8,9.5,8.9,8.5,8.3,18.977574149987944,62960.0,10000.0,5,9.175,6.175595238095238e-06,45.0
Bmw,X1 Sdrive18D M Sport*,3,23000,Diesel,Automatic (Dct),1,4550000,4890000,9.9,9.8,9.3,9.3,8.6,6.952965235173824,113333.33333333333,7666.666666666667,3,9.575000000000001,1.89010989010989e-06,46.900000000000006
Volkswagen,Taigun Topline 1.0 Tsi,4,120000,Petrol,Manual (Regular),1,1104000,1539900,9.6,8.9,7.9,7.9,8.4,28.307032924215857,108975.0,30000.0,4,8.575,7.608695652173913e-06,42.699999999999996
Kia,Sonet 1.5,5,44000,Diesel,Automatic (Torque Convertor),1,916000,1039000,9.7,9.5,8.9,8.6,7.8,11.838306063522618,24600.0,8800.0,5,9.175,8.51528384279476e-06,44.5
Kia,Sonet 1.0,3,35000,Petrol,Automatic (Dct),1,1181000,1377000,9.9,9.7,9.3,9.4,8.2,14.233841684822076,65333.333333333336,11666.666666666666,3,9.575000000000001,6.943268416596104e-06,46.5
Kia,Seltos 1.4,5,82000,Petrol,Automatic (Dct),1,1155000,1729000,9.7,9.4,8.1,8.7,7.8,33.198380566801625,114800.0,16400.0,5,8.975000000000001,6.753246753246753e-06,43.7
Tata,Nexon Fearless 1.2 Revotron 6Mt,3,28000,Petrol,Manual (Regular),1,1040000,1260000,9.9,9.8,8.6,9.4,9.0,17.46031746031746,73333.33333333333,9333.333333333334,3,9.425,8.653846153846155e-06,46.7
Ford,Ecosport Titanium+ 1.5L,10,132000,Diesel,Manual (Regular),1,547000,1020000,9.1,8.4,7.2,7.9,8.0,46.372549019607845,47300.0,13200.0,10,8.15,1.4625228519195613e-05,40.6
Tata,Nexon (S),6,71000,Diesel,Automatic (Amt),2,700000,999000,9.7,9.5,9.0,8.8,8.4,29.929929929929934,49833.333333333336,11833.333333333334,12,9.25,1.2e-05,45.4
Tata,Nexon Dual Tone,4,41000,Petrol,Automatic (Amt),1,1000000,1170900,9.8,9.6,9.1,8.5,8.0,14.595610214365017,42725.0,10250.0,4,9.25,8e-06,45.0
Kia,Seltos 1.5,3,49000,Petrol,Manual (Regular),1,1270000,1519900,9.8,9.7,9.1,8.648275862,10.0,16.441871175735244,83300.0,16333.333333333334,3,9.3120689655,7.874015748031496e-06,47.248275862
Kia,Seltos 1.4,6,80000,Petrol,Automatic (Dct),2,1030000,1729000,9.7,9.5,9.0,8.8,8.7,40.42799305957201,116500.0,13333.333333333334,12,9.25,8.446601941747573e-06,45.7
Volkswagen,Taigun Topline 1.0 Tsi Mt*,4,74000,Petrol,Manual (Regular),1,1019000,1540900,9.7,9.4,9.1,8.1,8.2,33.86981634109936,130475.0,18500.0,4,9.075000000000001,8.04710500490677e-06,44.5
Hyundai,Creta 1.5 Ivt,4,102000,Petrol,Automatic (Cvt),1,1191000,1633000,9.6,9.3,8.6,8.4,8.0,27.066748315982853,110500.0,25500.0,4,8.975,6.717044500419815e-06,43.9
Volkswagen,Taigun Topline 1.0 Tsi Mt*,4,50000,Petrol,Manual (Regular),1,1065000,1559900,9.6,9.7,8.7,9.1,8.5,31.72639271748189,123725.0,12500.0,4,9.274999999999999,7.981220657276995e-06,45.599999999999994
Kia,Seltos 1.5,6,120000,Diesel,Automatic (Torque Convertor),2,1080000,1649000,9.6,9.1,7.6,8.1,8.5,34.50576106731352,94833.33333333333,20000.0,12,8.6,7.87037037037037e-06,42.9
Kia,Seltos 1.5,6,66000,Petrol,Manual (Regular),1,1006000,1334000,9.8,9.6,8.9,8.9,8.3,24.587706146926536,54666.666666666664,11000.0,6,9.299999999999999,8.250497017892645e-06,45.5
Kia,Seltos 1.4,7,106000,Petrol,Automatic (Dct),1,1005000,1669000,9.6,9.2,8.2,8.0,7.4,39.78430197723187,94857.14285714286,15142.857142857143,7,8.75,7.36318407960199e-06,42.4
Mg,Motors Hector Sharp 1.5,4,64000,Petrol,Automatic (Cvt),1,1374000,1988800,9.8,9.6,9.3,9.3,8.3,30.913113435237328,153700.0,16000.0,4,9.5,6.04075691411936e-06,46.3
Maruti,Suzuki Fronx 1.0L 6,3,88000,Petrol,Automatic (Torque Convertor),1,947000,1314000,9.7,9.4,8.5,7.9,7.3,27.92998477929985,122333.33333333333,29333.333333333332,3,8.875,7.708553326293558e-06,42.8
Kia,Seltos 1.5,5,120000,Diesel,Automatic (Torque Convertor),1,1243000,1749000,9.5,8.5,8.2,8.7,8.6,28.930817610062892,101200.0,24000.0,5,8.725,6.918744971842317e-06,43.5
Volkswagen,Taigun Highline 1.0 Tsi,4,62000,Petrol,Manual (Regular),1,949000,1549900,9.8,9.6,9.1,8.8,8.3,38.77024324149945,150225.0,15500.0,4,9.325,8.74604847207587e-06,45.599999999999994
Volkswagen,Taigun Topline 1.0 Tsi Mt*,5,120000,Petrol,Manual (Regular),1,947000,1549900,9.3,9.2,7.6,8.1,7.4,38.89928382476289,120580.0,24000.0,5,8.55,7.81414994720169e-06,41.6
Hyundai,Creta 1.5,6,52000,Diesel,Manual (Regular),2,1246000,1720000,9.7,9.5,9.3,8.9,8.5,27.55813953488372,79000.0,8666.666666666666,12,9.35,6.821829855537721e-06,45.9
Ford,Ecosport Titanium 1.5L Ti-Vct,10,111000,Petrol,Manual (Regular),1,509000,948500,9.6,9.2,8.3,8.1,8.6,46.3363205060622,43950.0,11100.0,10,8.799999999999999,1.6895874263261297e-05,43.8
Kia,Seltos 1.5*,4,47000,Petrol,Manual (Regular),1,1192000,1449000,9.8,9.6,8.9,8.6,8.4,17.736369910282953,64250.0,11750.0,4,9.225,7.046979865771813e-06,45.3
Kia,Seltos 1.5,4,49000,Diesel,Automatic (Torque Convertor),2,1444000,1545000,9.8,9.6,9.4,9.1,8.2,6.5372168284789645,25250.0,12250.0,8,9.475,5.6786703601108025e-06,46.099999999999994
Hyundai,Venue 1.2,1,6000,Petrol,Manual (Regular),1,1124000,1113000,10.0,10.0,9.9,9.7,9.6,-0.9883198562443846,-11000.0,6000.0,1,9.899999999999999,8.540925266903914e-06,49.199999999999996
Maruti,Suzuki S-Cross 1.3,9,95000,Diesel,Manual (Regular),1,581000,1045000,9.3,9.4,8.2,8.1,8.0,44.40191387559808,51555.555555555555,10555.555555555555,9,8.75,1.3769363166953529e-05,43.0
Nissan,Magnite Xv,4,32000,Petrol,Automatic (Cvt),1,807000,1000000,9.9,9.7,9.5,8.7,8.7,19.3,48250.0,8000.0,4,9.45,1.0780669144981412e-05,46.5
Kia,Sonet 1.2,3,11000,Petrol,Manual (Regular),1,846000,989000,9.9,9.9,9.8,9.6,9.4,14.459049544994945,47666.666666666664,3666.6666666666665,3,9.8,1.1111111111111112e-05,48.6
Maruti,Suzuki Vitara Brezza Zdi+ Dual Tone,9,105000,Diesel,Manual (Regular),1,686000,991000,9.6,9.3,8.3,7.7,8.1,30.77699293642785,33888.88888888889,11666.666666666666,9,8.725,1.1807580174927114e-05,43.0
Kia,Sonet 1.5,5,46000,Diesel,Manual (Regular),1,917000,1039000,9.7,9.5,8.8,9.0,8.2,11.742059672762272,24400.0,9200.0,5,9.25,8.942202835332606e-06,45.2
Hyundai,Alcazar Signature 6 Str 1.5 Diesel*,4,70000,Diesel,Manual (Regular),1,1451000,1965000,9.7,9.1,9.0,9.0,8.5,26.157760814249365,128500.0,17500.0,4,9.2,5.8580289455547896e-06,45.3
Kia,Seltos 1.5 Ivt,5,84000,Petrol,Automatic (Cvt),2,980000,1449000,9.7,9.4,8.7,8.4,7.4,32.367149758454104,93800.0,16800.0,10,9.05,7.551020408163265e-06,43.6
Kia,Seltos 1.4,4,41000,Petrol,Automatic (Dct),1,1420000,1749000,9.6,9.6,9.4,8.8,8.0,18.810748999428245,82250.0,10250.0,4,9.350000000000001,5.6338028169014084e-06,45.400000000000006
Mahindra,Xuv500 W11,8,76000,Diesel,Automatic (Torque Convertor),1,1191000,1898000,9.3,9.5,8.3,8.6,8.3,37.24973656480506,88375.0,9500.0,8,8.925,6.968933669185559e-06,44.0
Ford,Ecosport Titanium 1.5,11,146000,Diesel,Manual (Regular),1,474000,986000,9.4,9.0,8.0,7.7,8.4,51.926977687626774,46545.454545454544,13272.727272727272,11,8.525,1.7721518987341772e-05,42.5
Maruti,Suzuki Brezza Plus*,3,20000,Petrol,Manual (Regular),2,1040000,1258000,9.9,9.9,9.7,9.5,9.3,17.329093799682035,72666.66666666667,6666.666666666667,6,9.75,8.942307692307693e-06,48.3
Kia,Sonet 1.0,6,43000,Petrol,Automatic (Dct),1,935000,1289000,9.7,9.7,9.0,8.8,8.5,27.46314972847168,59000.0,7166.666666666667,6,9.3,9.090909090909091e-06,45.7
Kia,Sonet Anniversary 1.5,4,69000,Diesel,Manual (Regular),1,900000,1165000,9.6,9.4,8.7,8.4,8.0,22.746781115879827,66250.0,17250.0,4,9.025,8.888888888888888e-06,44.1
Kia,Seltos 1.4*,7,109000,Petrol,Automatic (Dct),2,951000,1669000,9.6,8.8,7.8,8.1,8.0,43.019772318753745,102571.42857142857,15571.42857142857,14,8.575,8.412197686645636e-06,42.3
Kia,Seltos 1.4*,7,90000,Petrol,Automatic (Dct),1,1049000,1669000,9.7,9.3,7.7,8.0,8.1,37.14799281006591,88571.42857142857,12857.142857142857,7,8.675,7.721639656816014e-06,42.800000000000004
Renault,Duster 110 Ps 4X2,8,86000,Diesel,Manual (Regular),1,655000,1279000,9.6,9.2,8.3,8.6,8.2,48.78811571540266,78000.0,10750.0,8,8.924999999999999,1.2519083969465648e-05,43.89999999999999
Kia,Seltos 1.4,7,64000,Petrol,Manual (Regular),1,1070000,1669000,9.8,9.4,9.0,8.6,8.0,35.88975434391851,85571.42857142857,9142.857142857143,7,9.200000000000001,7.476635514018692e-06,44.800000000000004
Mg,Motors Hector Sharp 1.5 6-Str,4,62000,Petrol,Automatic (Dct),1,1446000,2130800,9.7,9.3,8.9,8.1,8.4,32.138164069832925,171200.0,15500.0,4,9.0,5.8091286307053945e-06,44.4
Maruti,Suzuki Fronx 1.0L Mt*,3,12000,Petrol,Manual (Regular),1,998000,1297000,9.9,9.9,9.8,9.2,9.2,23.053199691595992,99666.66666666667,4000.0,3,9.7,9.218436873747494e-06,48.0
Hyundai,Creta 1.6 Crdi*,8,92000,Diesel,Automatic (Torque Convertor),1,997000,1503997,9.5,8.9,8.3,7.7,8.0,33.70997415553356,63374.625,11500.0,8,8.6,8.02407221664995e-06,42.4
Kia,Seltos 1.5,6,46000,Petrol,Manual (Regular),1,1012000,1329000,9.8,9.6,8.6,8.4,8.3,23.85252069224981,52833.333333333336,7666.666666666667,6,9.1,8.201581027667985e-06,44.7
Kia,Seltos 1.4,3,49000,Petrol,Manual (Regular),1,1449000,1945000,9.8,9.7,9.1,8.4,8.2,25.5012853470437,165333.33333333334,16333.333333333334,3,9.25,5.659075224292615e-06,45.2
Volkswagen,Taigun Highline 1.0 Tsi,4,64000,Petrol,Manual (Regular),1,947000,1456900,9.8,9.6,9.2,8.5,8.4,34.998970416638066,127475.0,16000.0,4,9.274999999999999,8.870116156282999e-06,45.49999999999999
Kia,Seltos 1.4 Dual Tone,7,37000,Petrol,Automatic (Dct),1,1120000,1669000,9.9,9.6,8.7,8.1,7.9,32.89394847213901,78428.57142857143,5285.714285714285,7,9.075,7.0535714285714286e-06,44.199999999999996
Hyundai,Creta 1.6,8,48000,Petrol,Manual (Regular),1,949000,1358000,9.8,9.7,8.8,8.4,8.2,30.11782032400589,51125.0,6000.0,8,9.175,8.64067439409905e-06,44.900000000000006
Kia,Seltos 1.5,6,112000,Diesel,Automatic (Torque Convertor),1,1042000,1629000,9.5,8.9,7.2,7.6,7.9,36.03437691835482,97833.33333333333,18666.666666666668,6,8.299999999999999,7.5815738963531676e-06,41.099999999999994
Kia,Sonet 1.5,3,57000,Diesel,Manual (Regular),1,945000,1049000,9.7,8.8,9.1,9.1,8.1,9.914204003813156,34666.666666666664,19000.0,3,9.175,8.571428571428571e-06,44.800000000000004
Tata,Nexon (S),3,49000,Diesel,Manual (Regular),1,926000,1080000,9.8,9.7,8.9,8.4,8.6,14.25925925925926,51333.333333333336,16333.333333333334,3,9.2,9.287257019438445e-06,45.4
Honda,Elevate Vx,3,40000,Petrol,Manual (Regular),1,1101000,1363000,9.8,9.7,9.2,9.1,8.2,19.22230374174615,87333.33333333333,13333.333333333334,3,9.45,7.447774750227066e-06,46.0
Renault,Kiger,4,93000,Petrol,Manual (Regular),1,567000,799000,9.7,9.3,8.3,8.2,8.1,29.036295369211512,58000.0,23250.0,4,8.875,1.4285714285714285e-05,43.6
Mahindra,Xuv 300 1.5,4,47000,Diesel,Manual (Regular),1,1017000,1272000,9.8,8.8,8.9,8.8,8.5,20.047169811320757,63750.0,11750.0,4,9.075,8.357915437561455e-06,44.8
Volkswagen,Taigun Highline 1.0 Tsi,3,18000,Petrol,Manual (Regular),1,1113000,1542000,9.9,9.9,9.7,9.2,9.2,27.82101167315175,143000.0,6000.0,3,9.675,8.265947888589397e-06,47.900000000000006
Skoda,Kushaq Style 1.5L Tsi Dsg,4,102000,Petrol,Automatic (Dsg),2,1144000,1759000,9.6,9.2,8.6,8.6,8.3,34.96304718590108,153750.0,25500.0,8,9.0,7.2552447552447555e-06,44.3
Kia,Seltos 1.5,4,99000,Diesel,Manual (Regular),1,1149000,1429000,9.4,9.1,8.3,8.6,8.4,19.59412176347096,70000.0,24750.0,4,8.85,7.3107049608355094e-06,43.8
Maruti,Suzuki Grand Vitara Smart Hybrid*,4,94000,Petrol,Manual (Regular),1,1115000,1539000,9.7,9.4,8.9,8.2,8.3,27.550357374918775,106000.0,23500.0,4,9.05,7.443946188340808e-06,44.5
Mg,Motors Hector Sharp 1.5 6-Str,4,39000,Petrol,Automatic (Dct),1,1533000,2114800,9.8,9.7,9.2,9.1,8.5,27.51087573292983,145450.0,9750.0,4,9.45,5.544683626875408e-06,46.3
Tata,Nexon (S),5,63000,Petrol,Automatic (Amt),1,834000,1145900,9.5,9.0,8.6,8.7,8.1,27.21877999825465,62380.0,12600.0,5,8.95,9.712230215827338e-06,43.9
Maruti,Suzuki Vitara Brezza,6,67000,Petrol,Manual (Regular),2,681000,975000,9.8,9.6,9.0,8.3,8.2,30.153846153846153,49000.0,11166.666666666666,12,9.175,1.2041116005873714e-05,44.900000000000006
Mahindra,Thar Roxx Ax7 L 2Wd,1,5000,Petrol,Automatic (Torque Convertor),1,2102000,1899000,10.0,9.9,9.9,9.8,9.5,-10.689836756187466,-203000.0,5000.0,1,9.899999999999999,4.5195052331113225e-06,49.099999999999994
Mahindra,Xuv700 Ax 7 Luxury Pack 7 Str,4,44000,Diesel,Automatic (Torque Convertor),1,2024000,2289000,9.8,9.7,9.2,8.8,8.8,11.577107907383137,66250.0,11000.0,4,9.375,4.347826086956522e-06,46.3
Tata,Nexon,4,105000,Diesel,Manual (Regular),1,833000,1139900,9.3,8.4,8.5,7.8,8.6,26.923414334590756,76725.0,26250.0,4,8.5,1.0324129651860743e-05,42.6
Kia,Seltos 1.4,6,97000,Petrol,Manual (Regular),2,970000,1729000,9.6,9.1,8.5,7.9,8.4,43.898207056101796,126500.0,16166.666666666666,12,8.775,8.65979381443299e-06,43.5
Mg,Motors Hector Sharp 2.0 6-Str,5,51000,Diesel,Manual (Regular),1,1400000,2008800,9.8,8.9,8.9,8.9,8.4,30.30665073675826,121760.0,10200.0,5,9.125,6e-06,44.9
Maruti,Suzuki Fronx 1.0L 6 At*,2,22000,Petrol,Automatic (Torque Convertor),1,1109000,1304000,9.9,9.7,9.8,9.6,8.9,14.95398773006135,97500.0,11000.0,2,9.75,8.025247971145176e-06,47.9
Renault,Captur Rxl Diesel*,9,95000,Diesel,Manual (Regular),1,598000,1167000,9.3,9.3,7.5,8.1,8.4,48.75749785775493,63222.22222222222,10555.555555555555,9,8.55,1.4046822742474917e-05,42.6
Renault,Kiger Dual Tone,4,45000,Petrol,Automatic (Cvt),1,755000,1062000,9.8,9.7,9.4,9.1,8.3,28.907721280602637,76750.0,11250.0,4,9.5,1.099337748344371e-05,46.3
Kia,Seltos 1.5,3,37000,Petrol,Automatic (Dct),1,1658000,1979900,9.9,9.7,9.5,9.0,8.5,16.258396888731756,107300.0,12333.333333333334,3,9.525,5.126658624849216e-06,46.6
Tata,Punch Creative Flagship Dual Tone Mt*,3,32000,Petrol,Manual (Regular),1,814000,960000,9.9,9.8,9.5,9.0,8.9,15.208333333333332,48666.666666666664,10666.666666666666,3,9.55,1.0933660933660934e-05,47.1
Mg,Motors Hector Sharp Hybrid 1.5,6,80000,Hybrid,Manual (Regular),2,951000,1646000,9.7,9.5,8.2,8.8,8.1,42.223572296476306,115833.33333333333,13333.333333333334,12,9.05,8.517350157728706e-06,44.300000000000004
Mahindra,Xuv700 Ax 7 Luxury Pack 7 Str,4,49000,Diesel,Manual (Regular),1,1934000,2159000,9.8,9.7,8.3,8.4,7.7,10.421491431218156,56250.0,12250.0,4,9.05,3.981385729058945e-06,43.900000000000006
Maruti,Suzuki Brezza,4,47000,Petrol,Automatic (Torque Convertor),1,1014000,1244000,9.8,9.7,8.6,8.7,7.9,18.488745980707396,57500.0,11750.0,4,9.2,7.790927021696253e-06,44.699999999999996
Maruti,Suzuki Brezza,3,71000,Petrol,Manual (Regular),1,1008000,1248000,9.7,9.5,9.1,8.6,8.3,19.230769230769234,80000.0,23666.666666666668,3,9.225,8.234126984126986e-06,45.2
Renault,Kiger Dual Tone,4,29000,Petrol,Automatic (Cvt),1,796000,1077000,9.8,9.7,9.2,8.9,8.5,26.090993500464254,70250.0,7250.0,4,9.4,1.0678391959798995e-05,46.1
Maruti,Suzuki Brezza,4,55000,Petrol,Manual (Regular),2,921000,1248000,9.8,9.6,9.0,8.6,8.3,26.201923076923077,81750.0,13750.0,8,9.25,9.011943539630837e-06,45.3
Mahindra,Xuv 300 1.2,3,28000,Petrol,Manual (Regular),1,990000,1315000,9.9,9.8,9.1,9.2,9.0,24.714828897338403,108333.33333333333,9333.333333333334,3,9.5,9.090909090909091e-06,47.0
Hyundai,Creta 1.6,8,49000,Petrol,Manual (Regular),2,822000,1199000,9.8,9.6,9.0,8.5,8.6,31.442869057547956,47125.0,6125.0,16,9.225,1.0462287104622871e-05,45.5
Hyundai,Creta 1.6,8,100000,Petrol,Manual (Regular),1,751000,1199000,9.6,9.3,8.6,8.5,8.5,37.36447039199333,56000.0,12500.0,8,9.0,1.1318242343541945e-05,44.5
Tata,Nexon,4,32000,Diesel,Automatic (Amt),1,1089000,1324900,9.9,9.7,9.3,8.6,8.5,17.80511736734848,58975.0,8000.0,4,9.375,7.805325987144168e-06,46.0
Maruti,Suzuki Vitara Brezza Shvs,6,68000,Petrol,Automatic (Torque Convertor),1,819000,1114000,9.5,9.4,8.3,8.1,8.1,26.48114901256732,49166.666666666664,11333.333333333334,6,8.825,9.89010989010989e-06,43.4
Renault,Kiger Dual Tone,5,21000,Petrol,Automatic (Amt),1,617000,812000,9.8,9.5,9.1,8.9,8.9,24.014778325123153,39000.0,4200.0,5,9.325,1.4424635332252837e-05,46.199999999999996
Renault,Kiger 1.0 Dual Tone,4,45000,Petrol,Manual (Regular),1,650000,952000,9.8,9.7,9.1,9.2,8.3,31.72268907563025,75500.0,11250.0,4,9.45,1.276923076923077e-05,46.099999999999994
Volkswagen,Taigun Highline 1.0 Tsi,4,18000,Petrol,Manual (Regular),1,1023000,1549900,9.9,9.9,9.4,9.2,9.1,33.9957416607523,131725.0,4500.0,4,9.600000000000001,8.895405669599218e-06,47.50000000000001
Maruti,Suzuki Vitara Brezza Shvs,5,37000,Petrol,Automatic (Torque Convertor),1,825000,998000,9.8,9.7,8.7,8.3,8.1,17.334669338677354,34600.0,7400.0,5,9.125,9.818181818181818e-06,44.6
Maruti,Suzuki Vitara Brezza,4,41000,Petrol,Manual (Regular),1,880000,1198000,9.8,9.7,9.0,8.8,8.9,26.54424040066778,79500.0,10250.0,4,9.325,1.0113636363636365e-05,46.199999999999996
Ford,Ecosport Trend+ 1.5L,9,128000,Diesel,Manual (Regular),2,521000,874000,9.5,9.0,8.1,7.9,8.4,40.389016018306634,39222.22222222222,14222.222222222223,18,8.625,1.6122840690978887e-05,42.9
Volkswagen,Taigun Highline 1.0 Tsi Mt*,2,11000,Petrol,Manual (Regular),1,1316000,1542900,9.9,9.9,9.5,9.1,9.2,14.706072979454273,113450.0,5500.0,2,9.6,6.990881458966565e-06,47.599999999999994
Kia,Sonet 1.0,3,50000,Petrol,Automatic (Dct),1,970000,1229000,9.6,9.5,9.3,8.5,8.4,21.074043938161108,86333.33333333333,16666.666666666668,3,9.225000000000001,8.65979381443299e-06,45.300000000000004
Kia,Seltos 1.4,6,89000,Petrol,Automatic (Dct),2,1018000,1729000,9.7,9.1,8.7,8.7,8.4,41.122035858877965,118500.0,14833.333333333334,12,9.049999999999999,8.25147347740668e-06,44.599999999999994
Nissan,Magnite Xv,4,54000,Petrol,Automatic (Cvt),1,757000,1030000,9.8,9.5,8.8,8.8,8.0,26.50485436893204,68250.0,13500.0,4,9.225000000000001,1.0568031704095112e-05,44.900000000000006
Hyundai,Venue 1.0,3,20000,Petrol,Automatic (Dct),1,1131000,1272000,9.9,9.9,9.7,9.5,8.7,11.084905660377359,47000.0,6666.666666666667,3,9.75,7.692307692307692e-06,47.7
Tata,Punch Creative Dual Tone,4,27000,Petrol,Automatic (Amt),1,759000,954900,9.8,9.7,9.6,9.3,8.3,20.515237197612315,48975.0,6750.0,4,9.600000000000001,1.093544137022398e-05,46.7
Mahindra,Xuv700 Ax 7 Luxury Pack 7 Str,3,98000,Diesel,Automatic (Torque Convertor),1,1971000,2495000,9.5,9.4,8.3,8.4,8.0,21.00200400801603,174666.66666666666,32666.666666666668,3,8.9,4.058853373921867e-06,43.6
Nissan,Magnite Xv,3,37000,Petrol,Automatic (Cvt),1,858000,1086000,9.9,9.7,9.6,9.6,8.5,20.994475138121548,76000.0,12333.333333333334,3,9.700000000000001,9.906759906759906e-06,47.300000000000004
Hyundai,Creta 1.4 7,6,107000,Petrol,Automatic (Dct),1,1078000,1720000,9.6,9.2,8.0,8.3,7.5,37.32558139534884,107000.0,17833.333333333332,6,8.774999999999999,6.957328385899814e-06,42.599999999999994
Mahindra,Xuv700 Ax 5 5 Str,4,113000,Petrol,Automatic (Torque Convertor),1,1436000,1839000,9.6,9.1,8.5,8.5,8.2,21.914083741163676,100750.0,28250.0,4,8.925,5.710306406685236e-06,43.900000000000006
Hyundai,Creta 1.4 7 Dct*,4,43000,Petrol,Automatic (Dct),1,1449000,1787000,9.8,9.6,8.8,8.9,8.3,18.914381645215446,84500.0,10750.0,4,9.275,5.7280883367839894e-06,45.400000000000006
Mahindra,Kuv100 Nxt K2 6 Str,8,36000,Petrol,Manual (Regular),1,351000,439000,9.7,9.3,7.8,8.6,8.2,20.045558086560362,11000.0,4500.0,8,8.85,2.336182336182336e-05,43.599999999999994
Maruti,Suzuki S-Cross 1.3,8,66000,Diesel,Manual (Regular),1,735000,998000,9.7,9.6,8.9,8.2,8.0,26.352705410821642,32875.0,8250.0,8,9.099999999999998,1.08843537414966e-05,44.39999999999999
Kia,Seltos 1.5,6,101000,Petrol,Manual (Regular),1,821000,1334000,9.4,9.3,8.0,7.6,8.2,38.45577211394303,85500.0,16833.333333333332,6,8.575000000000001,9.987819732034104e-06,42.5
Mahindra,Xuv 300 1.2 Petrol*,4,37000,Petrol,Manual (Regular),1,897000,1221000,9.9,9.8,9.2,8.4,8.9,26.535626535626534,81000.0,9250.0,4,9.325000000000001,9.92196209587514e-06,46.2
Hyundai,Alcazar Signature 7 Seater 1.5,4,64000,Diesel,Automatic (Torque Convertor),1,1537000,2110000,9.2,8.7,8.7,8.5,8.2,27.1563981042654,143250.0,16000.0,4,8.774999999999999,5.3350683148991534e-06,43.3
Maruti,Suzuki Grand Vitara Smart Hybrid Allgrip*,4,59000,Petrol,Manual (Regular),2,1214000,1689000,9.8,9.6,9.0,9.2,8.5,28.123149792776793,118750.0,14750.0,8,9.399999999999999,7.00164744645799e-06,46.099999999999994
Hyundai,Alcazar Platinum 7 Str 1.5,3,25000,Diesel,Manual (Regular),1,1673000,2113000,9.9,9.7,9.6,9.5,9.0,20.82347373402745,146666.66666666666,8333.333333333334,3,9.675,5.379557680812911e-06,47.7
Mg,Motors Hector Sharp 2.0,6,93000,Diesel,Manual (Regular),1,1074000,1728000,9.5,9.1,8.7,8.5,7.3,37.84722222222222,109000.0,15500.0,6,8.95,6.797020484171322e-06,43.099999999999994
Hyundai,Creta 1.4 7,5,54000,Petrol,Automatic (Dct),1,1341000,1782000,9.8,9.5,8.0,8.1,8.1,24.747474747474747,88200.0,10800.0,5,8.85,6.040268456375839e-06,43.5
Hyundai,Creta 1.6,10,112000,Petrol,Manual (Regular),1,654000,1119000,9.6,9.1,7.9,7.7,8.9,41.55495978552279,46500.0,11200.0,10,8.575000000000001,1.3608562691131498e-05,43.2
Hyundai,Creta 1.5 Ivt,4,93000,Petrol,Automatic (Cvt),1,1184000,1558000,9.7,9.4,8.9,8.7,8.2,24.005134788189988,93500.0,23250.0,4,9.175,6.925675675675675e-06,44.900000000000006
Kia,Seltos 1.4,4,47000,Petrol,Automatic (Dct),1,1383000,1749000,9.8,9.6,9.3,8.8,8.2,20.926243567753,91500.0,11750.0,4,9.375,5.929139551699204e-06,45.7
Ford,Ecosport Titanium 1.5L Ti-Vct,5,61000,Petrol,Automatic (Torque Convertor),1,823000,1171000,9.8,9.6,9.0,8.9,7.9,29.718189581554228,69600.0,12200.0,5,9.325,9.59902794653706e-06,45.199999999999996
Kia,Sonet X Line 1.5,3,35000,Diesel,Automatic (Torque Convertor),1,1292000,1489000,9.8,9.8,9.3,9.3,8.8,13.2303559435863,65666.66666666667,11666.666666666666,3,9.55,6.811145510835914e-06,47.0
Mg,Motors Hector Sharp 2.0 Diesel*,6,57000,Diesel,Manual (Regular),1,1233000,1728000,9.8,9.4,9.2,9.0,8.5,28.645833333333332,82500.0,9500.0,6,9.350000000000001,6.89375506893755e-06,45.900000000000006
Honda,Wr-V Vx,4,21000,Petrol,Manual (Regular),1,782000,1037000,9.9,9.8,9.0,9.0,8.8,24.59016393442623,63750.0,5250.0,4,9.425,1.1253196930946292e-05,46.5
Nissan,Magnite Xv Dual Tone,3,70000,Petrol,Manual (Regular),1,640000,875000,9.7,9.3,8.2,8.5,7.9,26.857142857142858,78333.33333333333,23333.333333333332,3,8.925,1.234375e-05,43.6
Maruti,Suzuki S-Cross 1.6,10,100000,Diesel,Manual (Regular),2,579000,1203000,9.5,9.1,7.7,7.8,8.4,51.87032418952619,62400.0,10000.0,20,8.525,1.4507772020725389e-05,42.5
Mahindra,Xuv500 W11,8,102000,Diesel,Automatic (Torque Convertor),1,1145000,1898000,9.3,9.2,8.1,7.6,7.6,39.673340358271865,94125.0,12750.0,8,8.55,6.637554585152838e-06,41.800000000000004
Skoda,Kushaq Ambition 1.0L Tsi,3,25000,Petrol,Manual (Regular),2,1010000,1199000,9.9,9.8,9.4,9.4,9.0,15.763135946622187,63000.0,8333.333333333334,6,9.625,8.910891089108911e-06,47.5
Hyundai,Creta 1.6,9,123000,Petrol,Manual (Regular),1,665000,1208000,9.5,9.1,7.6,7.7,8.8,44.950331125827816,60333.333333333336,13666.666666666666,9,8.475000000000001,1.3233082706766918e-05,42.7
Renault,Kiger Dual Tone*,4,23000,Petrol,Automatic (Cvt),1,755000,1062000,9.3,9.6,9.2,9.5,8.0,28.907721280602637,76750.0,5750.0,4,9.399999999999999,1.0596026490066225e-05,45.599999999999994
Maruti,Suzuki Brezza Dual Tone,3,41000,Petrol,Automatic (Torque Convertor),1,1133000,1414000,9.8,9.6,9.2,9.1,8.3,19.872701555869874,93666.66666666667,13666.666666666666,3,9.424999999999999,7.3256840247131514e-06,46.0
Hyundai,Creta Ex 1.5,3,15000,Petrol,Manual (Regular),1,1108000,1087000,9.9,9.9,9.5,9.4,9.3,-1.9319227230910765,-7000.0,5000.0,3,9.675,8.393501805054152e-06,48.0
Ford,Ecosport Ambiente 1.5,13,117000,Diesel,Manual (Regular),1,388000,668700,9.4,8.9,8.0,7.7,8.7,41.97697024076567,21592.30769230769,9000.0,13,8.5,2.2422680412371133e-05,42.7
Mahindra,Thar Lx Hard 4Wd,2,15000,Diesel,Manual (Regular),1,1540000,1660000,9.9,9.9,9.7,9.5,9.4,7.228915662650602,60000.0,7500.0,2,9.75,6.103896103896104e-06,48.4
Kia,Sonet 1.5 Imt,3,28000,Diesel,Manual (Regular),1,989000,1195000,9.9,9.8,9.6,9.3,9.1,17.23849372384937,68666.66666666667,9333.333333333334,3,9.650000000000002,9.201213346814963e-06,47.70000000000001
Maruti,Suzuki Grand Vitara Intelligent Hybrid Ecvt,2,24000,Hybrid,Automatic (Cvt),1,1656000,1833000,9.9,9.7,9.7,9.1,8.9,9.656301145662848,88500.0,12000.0,2,9.6,5.3743961352657005e-06,47.3
Mahindra,Scorpio N Z8 L 7 Str,3,55000,Petrol,Automatic (Torque Convertor),1,1821000,2156000,9.8,9.6,9.4,9.1,8.1,15.538033395176251,111666.66666666667,18333.333333333332,3,9.475,4.448105436573311e-06,46.0
Mg,Motors Hector Sharp Pro 2.0 6 Str,3,26000,Diesel,Manual (Regular),1,1855000,2242800,9.9,9.8,9.6,9.5,8.8,17.290886392009988,129266.66666666667,8666.666666666666,3,9.700000000000001,4.7439353099730466e-06,47.60000000000001
Hyundai,Alcazar Signature 6 Str 1.5,3,30000,Petrol,Automatic (Dct),1,1791000,2065000,9.9,9.7,9.4,9.1,8.6,13.268765133171915,91333.33333333333,10000.0,3,9.525,4.80178671133445e-06,46.7
Skoda,Kushaq Ambition 1.0L Tsi,5,112000,Petrol,Automatic (Torque Convertor),1,905000,1419000,9.6,9.2,8.1,8.2,8.2,36.222692036645526,102800.0,22400.0,5,8.774999999999999,9.060773480662982e-06,43.3
Mahindra,Xuv700 Ax 5 5 Str,5,95000,Petrol,Automatic (Torque Convertor),1,1352000,1719000,9.7,9.3,8.5,8.5,8.8,21.34962187318208,73400.0,19000.0,5,9.0,6.5088757396449705e-06,44.8
Renault,Kiger,4,89000,Petrol,Automatic (Amt),1,557000,800000,9.4,8.9,8.6,8.8,8.5,30.375000000000004,60750.0,22250.0,4,8.925,1.526032315978456e-05,44.2
Mahindra,Xuv700 Ax 5 5 Str,3,54000,Diesel,Manual (Regular),1,1597000,1684800,9.8,9.6,9.2,9.1,8.7,5.211301044634379,29266.666666666668,18000.0,3,9.424999999999999,5.447714464621164e-06,46.39999999999999
Hyundai,Tucson Signature 2.0,4,19000,Petrol,Automatic (Torque Convertor),1,2451000,2856000,9.9,9.9,9.7,9.5,8.8,14.180672268907562,101250.0,4750.0,4,9.75,3.590371277029784e-06,47.8
Tata,Punch Creative Dual Tone,4,16000,Petrol,Automatic (Amt),1,770000,954900,9.9,9.8,9.2,9.5,9.3,19.36328411351974,46225.0,4000.0,4,9.600000000000001,1.207792207792208e-05,47.7
Mg,Motors Hector Super 1.5 Petrol*,7,45000,Petrol,Manual (Regular),1,1011000,1218000,9.8,9.5,9.2,8.6,8.5,16.995073891625616,29571.428571428572,6428.571428571428,7,9.275,8.40751730959446e-06,45.6
Kia,Seltos 1.5 Dual Tone,4,58000,Diesel,Automatic (Torque Convertor),1,1459000,1845000,9.6,9.2,8.7,9.0,8.4,20.92140921409214,96500.0,14500.0,4,9.125,5.757368060315285e-06,44.9
Renault,Kiger,3,21000,Petrol,Manual (Regular),1,652000,999000,9.8,9.7,9.6,9.1,8.9,34.73473473473474,115666.66666666667,7000.0,3,9.55,1.3650306748466258e-05,47.1
Renault,Duster,6,46000,Petrol,Manual (Regular),1,748000,1359000,9.8,9.7,9.0,8.9,8.6,44.95952906548933,101833.33333333333,7666.666666666667,6,9.35,1.1497326203208556e-05,46.0
Maruti,Suzuki Vitara Brezza Zdi Ags,8,125000,Diesel,Automatic (Amt),1,631000,975000,9.1,7.7,7.4,7.8,8.0,35.28205128205128,43000.0,15625.0,8,8.0,1.2678288431061807e-05,40.0
Maruti,Suzuki S-Cross 1.6*,11,131000,Diesel,Manual (Regular),2,445000,1199000,9.0,8.8,7.7,6.9,8.4,62.88573811509591,68545.45454545454,11909.09090909091,22,8.1,1.8876404494382024e-05,40.8
Mahindra,Thar Lx Hard 4Wd,3,44000,Diesel,Automatic (Torque Convertor),1,1371000,1685000,9.8,9.7,9.4,9.5,8.5,18.635014836795254,104666.66666666667,14666.666666666666,3,9.6,6.199854121079504e-06,46.9
Hyundai,Creta 1.6 Auto Petrol*,10,110000,Petrol,Automatic (Torque Convertor),1,732000,1357000,9.5,9.0,8.5,8.0,8.1,46.05747973470892,62500.0,11000.0,10,8.75,1.1065573770491803e-05,43.1
Honda,Wr-V Vx I-Vtec Petrol+Cng(Outside Fitted),7,46000,Cng,Manual (Regular),1,631000,975000,9.8,9.5,8.7,8.6,8.0,35.28205128205128,49142.857142857145,6571.428571428572,7,9.15,1.2678288431061807e-05,44.6
Mahindra,Tuv300 T4,8,95000,Diesel,Manual (Regular),1,574000,817000,9.7,9.4,8.7,8.9,8.8,29.74296205630355,30375.0,11875.0,8,9.175,1.5331010452961673e-05,45.5
Hyundai,Creta S 1.5 Knight*,3,26000,Diesel,Manual (Regular),1,1436000,1450800,9.9,9.8,9.3,9.4,8.8,1.0201268265784396,4933.333333333333,8666.666666666666,3,9.600000000000001,6.128133704735376e-06,47.2
Tata,Nexon Ev Empowered Long Range,2,19000,Electric,Automatic,1,1159000,1929000,9.709160305,9.450763359,8.820229008,8.648275862,8.382824427,39.917055469155,385000.0,9500.0,2,9.157107133499998,7.232807961173425e-06,45.011252961
Kia,Sonet Anniversary 1.5 At*,5,46000,Diesel,Automatic (Torque Convertor),1,987000,1176000,9.8,8.6,9.1,7.6,8.1,16.071428571428573,37800.0,9200.0,5,8.775,8.206686930091184e-06,43.2
Maruti,Suzuki Brezza Dual Tone,4,40000,Petrol,Manual (Regular),1,901000,1114000,9.8,9.7,9.2,9.1,8.6,19.120287253141832,53250.0,10000.0,4,9.45,9.544950055493895e-06,46.4
Hyundai,Venue 1.0,7,66000,Petrol,Automatic (Dct),1,769000,1110000,9.8,9.5,7.8,8.1,8.0,30.720720720720724,48714.28571428572,9428.57142857143,7,8.8,1.0403120936280884e-05,43.2
Tata,Punch Ev Empowered S Long Range*,2,27000,Electric,Automatic,1,941000,1449000,9.709160305,9.450763359,8.820229008,8.648275862,8.382824427,35.05866114561767,254000.0,13500.0,2,9.157107133499998,8.908421282678002e-06,45.011252961
Ford,Ecosport Titanium 1.5L,7,105000,Diesel,Manual (Regular),3,519000,1067000,9.2,8.8,8.6,8.3,7.5,51.35895032802249,78285.71428571429,15000.0,21,8.725000000000001,1.4450867052023121e-05,42.400000000000006
Mahindra,Thar Lx Hard 4Wd,5,52000,Diesel,Manual (Regular),1,1139000,1376000,9.8,9.7,9.1,8.8,8.5,17.223837209302324,47400.0,10400.0,5,9.350000000000001,7.462686567164179e-06,45.900000000000006
Tata,Nexon Dual Tone,7,59000,Diesel,Manual (Regular),1,730000,1090000,9.7,9.2,8.5,8.4,8.3,33.02752293577982,51428.57142857143,8428.57142857143,7,8.95,1.1369863013698632e-05,44.099999999999994
Kia,Sonet 1.0,3,15000,Petrol,Automatic (Dct),2,997000,1229000,9.9,9.8,9.4,8.9,8.7,18.87713588283157,77333.33333333333,5000.0,6,9.5,8.72617853560682e-06,46.7
Tata,Nexon Ev Lux*,5,86000,Electric,Automatic,1,791000,1665000,9.709160305,9.450763359,8.820229008,8.648275862,8.382824427,52.492492492492495,174800.0,17200.0,5,9.157107133499998,1.0597755280657395e-05,45.011252961
Kia,Seltos 1.5,4,103000,Diesel,Manual (Regular),1,1207000,1539000,9.5,9.2,8.2,8.1,8.2,21.57244964262508,83000.0,25750.0,4,8.75,6.7937033968516974e-06,43.2
Mahindra,Xuv700 Ax 7 Luxury Pack 7 Str,4,72000,Diesel,Manual (Regular),1,1832000,2159000,9.7,9.5,9.1,8.9,8.7,15.145900880037056,81750.0,18000.0,4,9.299999999999999,4.748908296943231e-06,45.89999999999999
Tata,Punch Creative Amt*,4,50000,Petrol,Automatic (Amt),1,678000,849900,9.7,9.6,9.1,9.0,7.9,20.225908930462406,42975.0,12500.0,4,9.35,1.1651917404129794e-05,45.3
Mahindra,Thar Lx Hard 4Wd,5,60000,Diesel,Automatic (Torque Convertor),2,1172000,1415000,9.6,9.6,9.0,8.4,7.8,17.17314487632509,48600.0,12000.0,10,9.15,6.655290102389078e-06,44.4
Ford,Ecosport Trend 1.5L,8,53000,Diesel,Manual (Regular),1,659000,999900,9.8,9.6,9.0,9.0,8.6,34.093409340934095,42612.5,6625.0,8,9.35,1.3050075872534142e-05,46.0
Ford,Ecosport Trend 1.5 Tdci*,13,129000,Diesel,Manual (Regular),3,306000,780000,9.5,8.3,7.3,7.2,7.4,60.76923076923077,36461.53846153846,9923.076923076924,39,8.075000000000001,2.4183006535947712e-05,39.7
Hyundai,Venue 1.0 Dct*,7,65000,Petrol,Automatic (Dct),1,744000,1111000,9.7,9.6,8.9,8.2,7.8,33.033303330333034,52428.57142857143,9285.714285714286,7,9.099999999999998,1.0483870967741935e-05,44.19999999999999
Hyundai,Creta 1.5 Mpi Ex,2,11000,Petrol,Manual (Regular),1,1150000,1099900,9.9,9.9,9.5,9.0,9.5,-4.554959541776525,-25050.0,5500.0,2,9.575,8.26086956521739e-06,47.8
Tata,Nexon,5,58000,Petrol,Manual (Regular),1,540000,719900,9.2,9.1,8.3,8.1,8.5,24.98958188637311,35980.0,11600.0,5,8.674999999999999,1.574074074074074e-05,43.199999999999996
Hyundai,Alcazar Signature 6 Str 1.5,5,67000,Diesel,Automatic (Torque Convertor),1,1446000,2014500,9.6,9.5,8.9,8.3,8.1,28.22040208488459,113700.0,13400.0,5,9.075,5.601659751037344e-06,44.4
Nissan,Magnite Xv Dual Tone,5,28000,Petrol,Manual (Regular),2,554000,709000,9.9,9.8,9.4,8.7,8.7,21.861777150916783,31000.0,5600.0,10,9.45,1.5703971119133573e-05,46.5
Hyundai,Venue 1.2,4,27000,Petrol,Manual (Regular),1,869000,989000,9.9,9.8,9.1,9.0,8.6,12.133468149646106,30000.0,6750.0,4,9.450000000000001,9.896432681242807e-06,46.400000000000006
Kia,Seltos 1.5,6,66000,Diesel,Automatic (Torque Convertor),1,1302000,1659000,9.6,9.5,8.9,8.2,8.3,21.518987341772153,59500.0,11000.0,6,9.05,6.374807987711214e-06,44.5
Mahindra,Thar Lx Hard 4Wd,4,70000,Diesel,Automatic (Torque Convertor),1,1269000,1415000,9.7,9.5,9.2,9.2,7.8,10.318021201413426,36500.0,17500.0,4,9.399999999999999,6.146572104018913e-06,45.39999999999999
Mg,Motors Hector Sharp 1.5,6,41000,Petrol,Automatic (Dct),1,1173000,1728000,9.8,9.7,9.0,9.0,8.2,32.11805555555556,92500.0,6833.333333333333,6,9.375,6.990622335890878e-06,45.7
Ford,Ecosport Trend 1.5 Tdci*,11,97000,Diesel,Manual (Regular),2,438000,860000,9.6,9.2,8.1,8.2,8.2,49.06976744186046,38363.63636363636,8818.181818181818,22,8.774999999999999,1.872146118721461e-05,43.3
Kia,Sonet 1.0,6,38000,Petrol,Automatic (Dct),1,933000,1289000,9.8,9.7,9.0,8.5,8.5,27.61830876648565,59333.333333333336,6333.333333333333,6,9.25,9.110396570203645e-06,45.5
Ford,Ecosport Titanium + 1.5L,7,106000,Diesel,Manual (Regular),1,696000,1067000,9.6,9.3,8.4,8.2,8.0,34.77038425492034,53000.0,15142.857142857143,7,8.875,1.1494252873563218e-05,43.5
Kia,Seltos 1.4,5,62000,Petrol,Automatic (Dct),1,1209000,1734000,9.8,9.4,9.1,8.2,7.6,30.276816608996537,105000.0,12400.0,5,9.125,6.286186931348221e-06,44.1
Mg,Motors Hector Sharp 1.5,5,69000,Petrol,Automatic (Cvt),1,1274000,1769800,9.5,9.5,9.1,8.8,8.5,28.014464911289412,99160.0,13800.0,5,9.225000000000001,6.671899529042386e-06,45.400000000000006
Mg,Motors Hector Sharp 1.5,5,48000,Petrol,Automatic (Dct),2,1271000,1843000,9.8,9.7,9.3,8.9,8.3,31.036353771025503,114400.0,9600.0,10,9.425,6.530291109362707e-06,46.0
Ford,Ecosport Thunder,7,58000,Petrol,Manual (Regular),2,690000,1018000,9.8,9.6,8.8,8.2,8.2,32.220039292730846,46857.142857142855,8285.714285714286,14,9.1,1.1884057971014492e-05,44.599999999999994
Volkswagen,Taigun Topline 1.0 Tsi Mt*,3,50000,Petrol,Manual (Regular),2,1125000,1542900,9.8,9.7,9.4,8.9,8.3,27.085358740034998,139300.0,16666.666666666668,6,9.45,7.377777777777779e-06,46.099999999999994
Hyundai,Venue 1.5 Crdi Executive,5,43000,Diesel,Manual (Regular),1,965000,1185000,9.8,9.7,8.3,8.4,8.1,18.565400843881857,44000.0,8600.0,5,9.05,8.393782383419689e-06,44.300000000000004
Hyundai,Venue 1.4 Crdi,7,106000,Diesel,Manual (Regular),1,793000,1110000,9.6,9.3,8.3,8.1,8.2,28.558558558558563,45285.71428571428,15142.857142857143,7,8.825,1.0340479192938208e-05,43.5
Ford,Ecosport Trend+ 1.0L Ecoboost,10,37000,Petrol,Manual (Regular),1,555000,919600,9.8,9.7,9.2,8.7,8.8,39.647672901261416,36460.0,3700.0,10,9.35,1.5855855855855858e-05,46.2
Tata,Safari 6 S Red Dark,3,19000,Diesel,Automatic (Torque Convertor),1,1914000,2659900,9.5,8.3,9.2,9.6,8.9,28.042407609308622,248633.33333333334,6333.333333333333,3,9.15,4.6499477533960295e-06,45.5
Maruti,Suzuki S-Cross,4,24000,Petrol,Manual (Regular),1,936000,1256000,9.9,9.8,9.3,9.1,8.8,25.477707006369428,80000.0,6000.0,4,9.525,9.401709401709402e-06,46.900000000000006
Hyundai,Exter Connect 1.2,2,20000,Petrol,Automatic (Amt),1,873000,1027000,9.9,9.9,9.6,9.4,8.8,14.995131450827653,77000.0,10000.0,2,9.7,1.0080183276059566e-05,47.599999999999994
Mg,Motors Hector Sharp 2.0 Diesel*,7,75000,Diesel,Manual (Regular),1,1102000,1728000,9.5,9.3,8.6,8.2,7.6,36.226851851851855,89428.57142857143,10714.285714285714,7,8.899999999999999,6.896551724137931e-06,43.199999999999996
Ford,Freestyle Titanium 1.2 Ti-Vct*,8,86000,Petrol,Manual (Regular),1,454000,659000,9.4,9.3,8.3,8.4,8.3,31.10773899848255,25625.0,10750.0,8,8.850000000000001,1.828193832599119e-05,43.7
Hyundai,Creta 1.6,9,84000,Petrol,Automatic (Torque Convertor),2,770000,1358000,9.6,9.3,8.2,8.2,8.3,43.29896907216495,65333.333333333336,9333.333333333334,18,8.825,1.077922077922078e-05,43.599999999999994
Ford,Ecosport Titanium + 1.5L Ti-Vct,8,68000,Petrol,Automatic (Torque Convertor),2,658000,1137000,9.7,9.4,8.6,8.2,7.9,42.12840809146878,59875.0,8500.0,16,8.975000000000001,1.2006079027355623e-05,43.800000000000004
Hyundai,Creta 1.6 Crdi Dual Tone,8,113000,Diesel,Manual (Regular),1,859000,1358000,9.4,8.6,8.1,7.8,8.6,36.745213549337265,62375.0,14125.0,8,8.475,1.0011641443538999e-05,42.5
Kia,Seltos 1.4,7,40000,Petrol,Manual (Regular),2,1058000,1669000,9.8,9.7,8.9,8.6,8.1,36.6087477531456,87285.71428571429,5714.285714285715,14,9.25,7.655954631379962e-06,45.1
Skoda,Kushaq Style 1.5L Tsi Dsg*,5,60000,Petrol,Automatic (Dct),1,1248000,1619000,9.8,9.6,8.1,9.1,8.2,22.91537986411365,74200.0,12000.0,5,9.15,6.5705128205128195e-06,44.8
Ford,Ecosport Titanium 1.5 (Opt),12,94000,Diesel,Manual (Regular),2,476000,980000,9.4,8.9,8.0,7.7,7.6,51.42857142857142,42000.0,7833.333333333333,24,8.5,1.5966386554621848e-05,41.6
Volkswagen,Taigun Topline 1.0 Tsi,4,34000,Petrol,Manual (Regular),1,1136000,1539900,9.9,9.8,9.4,9.3,8.8,26.228975907526465,100975.0,8500.0,4,9.600000000000001,7.746478873239438e-06,47.2
Tata,Nexon Luxs Dark,3,24000,Petrol,Automatic (Amt),1,1066000,1259900,9.9,9.8,9.6,8.7,8.8,15.390110326216366,64633.333333333336,8000.0,3,9.5,8.255159474671671e-06,46.8
Hyundai,Creta E 1.4 Crdi,8,118000,Diesel,Manual (Regular),1,717000,999900,9.5,9.2,8.2,7.3,8.4,28.292829282928295,35362.5,14750.0,8,8.549999999999999,1.1715481171548117e-05,42.599999999999994
Tata,Nexon,8,96000,Diesel,Manual (Regular),1,562000,873000,9.2,8.8,7.4,7.9,7.9,35.62428407789233,38875.0,12000.0,8,8.325,1.405693950177936e-05,41.199999999999996
Tata,Punch Creative,3,21000,Petrol,Automatic (Amt),1,795000,974900,9.9,9.8,9.7,9.3,8.7,18.453174684583036,59966.666666666664,7000.0,3,9.675,1.0943396226415093e-05,47.400000000000006
Mahindra,Thar Lx Hard 4Wd*,4,67000,Diesel,Automatic (Torque Convertor),1,1244000,1415000,9.5,9.2,8.4,9.0,7.9,12.084805653710246,42750.0,16750.0,4,9.025,6.35048231511254e-06,44.0
Mahindra,Xuv700 Ax5 7 Str,2,49000,Diesel,Manual (Regular),1,1781000,1824000,9.8,9.7,9.5,8.8,8.5,2.357456140350877,21500.0,24500.0,2,9.45,4.772599663110612e-06,46.3
Tata,Harrier Xma*,6,39000,Diesel,Automatic (Torque Convertor),1,1184000,1780000,9.8,9.7,9.1,8.2,8.7,33.48314606741573,99333.33333333333,6500.0,6,9.2,7.347972972972973e-06,45.5
Skoda,Kushaq Style 1.5L Tsi Mt*,5,51000,Petrol,Manual (Regular),2,1045000,1619000,9.8,9.7,8.2,8.7,8.7,35.453983940704134,114800.0,10200.0,10,9.1,8.32535885167464e-06,45.099999999999994
Ford,Ecosport Titanium + 1.5L Ti-Vct,8,68000,Petrol,Automatic (Torque Convertor),1,703000,1137000,9.8,9.6,9.0,8.5,8.2,38.17062445030783,54250.0,8500.0,8,9.225,1.166429587482219e-05,45.099999999999994
Nissan,Magnite Xv,2,25000,Petrol,Manual (Regular),1,673000,860000,9.9,9.8,9.7,9.5,9.0,21.744186046511626,93500.0,12500.0,2,9.725000000000001,1.337295690936107e-05,47.900000000000006
Renault,Kiger Dual Tone,3,25000,Petrol,Manual (Regular),1,624000,817000,9.9,9.8,9.3,9.5,9.2,23.623011015911874,64333.333333333336,8333.333333333334,3,9.625,1.4743589743589742e-05,47.7
Hyundai,Venue 1.2,3,36000,Petrol,Manual (Regular),1,892000,1089900,9.9,9.8,8.9,8.7,8.1,18.1576291402881,65966.66666666667,12000.0,3,9.325,9.080717488789237e-06,45.4
Maruti,Suzuki Brezza Dual Tone,4,123000,Petrol,Manual (Regular),1,882000,1246000,9.6,9.2,8.0,8.2,8.1,29.213483146067414,91000.0,30750.0,4,8.75,9.183673469387754e-06,43.1
Honda,Br-V S,8,79000,Diesel,Manual (Regular),2,655000,1134000,9.6,9.2,8.3,6.3,8.2,42.239858906525576,59875.0,9875.0,16,8.35,1.2519083969465648e-05,41.599999999999994
Tata,Punch Creative Dual Tone Sunroof,2,19000,Petrol,Automatic (Amt),1,876000,989900,9.9,9.8,9.2,9.2,8.8,11.5062127487625,56950.0,9500.0,2,9.525,1.0045662100456622e-05,46.900000000000006
Mahindra,Xuv700 Ax 7 Luxury Pack 7 Str*,4,54000,Diesel,Manual (Regular),1,1859000,2145000,9.8,9.6,9.0,9.0,8.4,13.333333333333334,71500.0,13500.0,4,9.35,4.518558364712211e-06,45.8
Maruti,Suzuki Brezza Dual Tone,3,36000,Petrol,Manual (Regular),1,1014000,1248000,9.9,9.8,9.4,8.9,8.7,18.75,78000.0,12000.0,3,9.5,8.579881656804733e-06,46.7
Hyundai,Creta 1.4 7,6,92000,Petrol,Automatic (Dct),1,1086000,1616000,9.6,9.1,8.9,8.6,8.2,32.7970297029703,88333.33333333333,15333.333333333334,6,9.05,7.550644567219153e-06,44.400000000000006
Hyundai,Creta 1.6,11,104000,Petrol,Manual (Regular),1,641000,1119000,9.6,9.2,7.4,8.2,8.8,42.71671134941912,43454.545454545456,9454.545454545454,11,8.599999999999998,1.372854914196568e-05,43.19999999999999
Ford,Ecosport Titanium 1.5L Ti-Vct,0,0,,,1,693000,1099000,9.709160305,9.450763359,8.820229008,8.648275862,8.382824427,36.94267515923567,72666.66666666667,11250.0,0,9.157107133499998,1.2096427744588743e-05,45.011252961
Hyundai,Venue 1.0,3,55000,Petrol,Automatic (Dct),1,1032000,1272000,9.7,9.6,9.4,9.0,7.5,18.867924528301888,80000.0,18333.333333333332,3,9.424999999999999,7.267441860465117e-06,45.199999999999996
Hyundai,Creta 1.6,10,107000,Diesel,Manual (Regular),2,755000,1376880,9.4,8.9,7.1,7.4,8.6,45.16588228458544,62188.0,10700.0,20,8.2,1.1390728476821191e-05,41.4
Hyundai,Alcazar Signature 6 Str 1.5 Diesel*,4,82000,Diesel,Manual (Regular),1,1442000,1999900,9.7,9.5,9.0,8.5,8.9,27.896394819740987,139475.0,20500.0,4,9.175,6.171983356449376e-06,45.6
Maruti,Suzuki Brezza,3,36000,Petrol,Manual (Regular),1,1030000,1248000,9.9,9.8,9.5,9.4,8.8,17.467948717948715,72666.66666666667,12000.0,3,9.65,8.54368932038835e-06,47.400000000000006
Mahindra,Xuv 300 1.2,3,14000,Petrol,Automatic (Amt),1,904000,1145000,9.9,9.7,9.4,9.2,9.0,21.048034934497817,80333.33333333333,4666.666666666667,3,9.55,9.95575221238938e-06,47.2
Tata,Punch Creative Amt*,2,10000,Petrol,Automatic (Amt),1,842000,989900,9.9,9.9,8.1,9.8,9.3,14.940903121527427,73950.0,5000.0,2,9.425,1.1045130641330167e-05,47.0
Hyundai,Creta 1.6,7,76000,Petrol,Manual (Regular),1,821000,1346000,9.7,9.5,8.7,8.4,8.4,39.004457652303124,75000.0,10857.142857142857,7,9.075,1.023142509135201e-05,44.699999999999996
Tata,Nexon,8,116000,Petrol,Automatic (Amt),1,600000,1030000,9.4,9.1,8.6,8.2,7.2,41.74757281553398,53750.0,14500.0,8,8.825,1.2e-05,42.5
Tata,Curvv Creative S 1.5 Kryojet 6Mt*,2,19000,Diesel,Manual (Regular),1,1454000,1399900,9.9,9.9,9.4,9.3,9.3,-3.8645617544110293,-27050.0,9500.0,2,9.625,6.396148555708391e-06,47.8
